{"BTC": [-0.280716253443526, 30], "XRP": [0.5980320247933885, 6], "USDT": [0.06198347107438016, 2], "LTC": [0.06198347107438016, 2], "EOS": [0.0, 1], "BTS": [0.0, 1], "ETH": [0.12396694214876032, 2], "WAVES": [0.04074074074074074, 3], "ADA": [0.0, 2], "DASH": [0.0, 1], "XMR": [0.16822314049586778, 2], "ZEC": [0.0, 1], "ZRX": [0.0, 1], "VEN": [0.06198347107438016, 1], "XML": [0.021875, 1], "XEM": [0.25, 1]}